{
    "rect": [
        196.0,
        121.0,
        462.0,
        88.0,
        467.0,
        226.0,
        221.0,
        256.0
    ],
    "tracker": {
        "gamma": 42.029998779296875,
        "maxArearaduis": 130.0,
        "minAreaRadius": 29.850000381469727,
        "threshold": 136.4250030517578
    }
}
