{
    "rect": [
        39.0,
        215.0,
        681.0,
        41.0,
        770.0,
        287.0,
        200.0,
        428.0
    ],
    "tracker": {
        "gamma": 30.424001693725586,
        "maxArearaduis": 162.5,
        "minAreaRadius": 7.799999713897705,
        "threshold": 142.8000030517578
    }
}
