{
    "rect": [
        156.0,
        107.0,
        453.0,
        184.0,
        401.0,
        342.0,
        123.0,
        264.0
    ],
    "tracker": {
        "gamma": 27.631000518798828,
        "maxArearaduis": 152.5,
        "minAreaRadius": 7.799999713897705,
        "threshold": 117.30000305175781
    }
}
